USE [RecreationResources]
GO

INSERT INTO Areas(ID, Name) VALUES(1, 'Брестская область')
INSERT INTO Areas(ID, Name) VALUES(2, 'Витебская область')
INSERT INTO Areas(ID, Name) VALUES(3, 'Гомельская область')
INSERT INTO Areas(ID, Name) VALUES(4, 'Гродненская область')
INSERT INTO Areas(ID, Name) VALUES(5, 'Могилевская область')
INSERT INTO Areas(ID, Name) VALUES(6, 'Минская область')

INSERT INTO Regions(ID,Name,areas_id) VALUES(1, 'Барановичский район', 1)
INSERT INTO Regions(ID,Name,areas_id) VALUES(2, 'Берёзовский район', 1)
INSERT INTO Regions(ID,Name,areas_id) VALUES(3, 'Брестский район', 1)
INSERT INTO Regions(ID,Name,areas_id) VALUES(4, 'Ганцевичский район', 1)
INSERT INTO Regions(ID,Name,areas_id) VALUES(5, 'Дрогичинский район', 1)
INSERT INTO Regions(ID,Name,areas_id) VALUES(6, 'Жабинковский район', 1)
INSERT INTO Regions(ID,Name,areas_id) VALUES(7, 'Ивановский район', 1)
INSERT INTO Regions(ID,Name,areas_id) VALUES(8, 'Ивацевичский район', 1)
INSERT INTO Regions(ID,Name,areas_id) VALUES(9, 'Каменецкий район', 1)
INSERT INTO Regions(ID,Name,areas_id) VALUES(10, 'Кобринский район', 1)
INSERT INTO Regions(ID,Name,areas_id) VALUES(11, 'Лунинецкий район', 1)
INSERT INTO Regions(ID,Name,areas_id) VALUES(12, 'Ляховичский район', 1)
INSERT INTO Regions(ID,Name,areas_id) VALUES(13, 'Малоритский район', 1)
INSERT INTO Regions(ID,Name,areas_id) VALUES(14, 'Пинский район', 1)
INSERT INTO Regions(ID,Name,areas_id) VALUES(15, 'Пружанский район', 1)
INSERT INTO Regions(ID,Name,areas_id) VALUES(16, 'Столинский район', 1)

INSERT INTO Regions(ID,Name,areas_id) VALUES(17, 'Бешенковичский район', 2)
INSERT INTO Regions(ID,Name,areas_id) VALUES(18, 'Браславский район', 2)
INSERT INTO Regions(ID,Name,areas_id) VALUES(19, 'Верхнедвинский район', 2)
INSERT INTO Regions(ID,Name,areas_id) VALUES(20, 'Витебский район', 2)
INSERT INTO Regions(ID,Name,areas_id) VALUES(21, 'Глубокский район', 2)
INSERT INTO Regions(ID,Name,areas_id) VALUES(22, 'Городокский район', 2)
INSERT INTO Regions(ID,Name,areas_id) VALUES(23, 'Докшицкий район', 2)
INSERT INTO Regions(ID,Name,areas_id) VALUES(24, 'Дубровенский район', 2)
INSERT INTO Regions(ID,Name,areas_id) VALUES(25, 'Лепельский район', 2)
INSERT INTO Regions(ID,Name,areas_id) VALUES(26, 'Лиозненский район', 2)
INSERT INTO Regions(ID,Name,areas_id) VALUES(27, 'Миорский район', 2)
INSERT INTO Regions(ID,Name,areas_id) VALUES(28, 'Оршанский район', 2)
INSERT INTO Regions(ID,Name,areas_id) VALUES(29, 'Полоцкий район', 2)
INSERT INTO Regions(ID,Name,areas_id) VALUES(30, 'Поставский район', 2)
INSERT INTO Regions(ID,Name,areas_id) VALUES(31, 'Россонский район', 2)
INSERT INTO Regions(ID,Name,areas_id) VALUES(32, 'Сенненский район', 2)
INSERT INTO Regions(ID,Name,areas_id) VALUES(33, 'Толочинский район', 2)
INSERT INTO Regions(ID,Name,areas_id) VALUES(34, 'Ушачский район', 2)
INSERT INTO Regions(ID,Name,areas_id) VALUES(35, 'Чашникский район', 2)
INSERT INTO Regions(ID,Name,areas_id) VALUES(36, 'Шарковщинский район', 2)
INSERT INTO Regions(ID,Name,areas_id) VALUES(37, 'Шумилинский район', 2)

INSERT INTO Regions(ID,Name,areas_id) VALUES(38, 'Брагинский район', 3)
INSERT INTO Regions(ID,Name,areas_id) VALUES(39, 'Буда-Кошелёвский район', 3)
INSERT INTO Regions(ID,Name,areas_id) VALUES(40, 'Ветковский район', 3)
INSERT INTO Regions(ID,Name,areas_id) VALUES(41, 'Гомельский район', 3)
INSERT INTO Regions(ID,Name,areas_id) VALUES(42, 'Добрушский район', 3)
INSERT INTO Regions(ID,Name,areas_id) VALUES(43, 'Ельский район', 3)
INSERT INTO Regions(ID,Name,areas_id) VALUES(44, 'Житковичский район', 3)
INSERT INTO Regions(ID,Name,areas_id) VALUES(45, 'Жлобинский район', 3)
INSERT INTO Regions(ID,Name,areas_id) VALUES(46, 'Калинковичский район', 3)
INSERT INTO Regions(ID,Name,areas_id) VALUES(47, 'Кормянский район', 3)
INSERT INTO Regions(ID,Name,areas_id) VALUES(48, 'Лельчицкий район', 3)
INSERT INTO Regions(ID,Name,areas_id) VALUES(49, 'Лоевский район', 3)
INSERT INTO Regions(ID,Name,areas_id) VALUES(50, 'Мозырский район', 3)
INSERT INTO Regions(ID,Name,areas_id) VALUES(51, 'Наровлянский район', 3)
INSERT INTO Regions(ID,Name,areas_id) VALUES(52, 'Октябрьский район', 3)
INSERT INTO Regions(ID,Name,areas_id) VALUES(53, 'Петриковский район', 3)
INSERT INTO Regions(ID,Name,areas_id) VALUES(54, 'Речицкий район', 3)
INSERT INTO Regions(ID,Name,areas_id) VALUES(55, 'Рогачёвский район', 3)
INSERT INTO Regions(ID,Name,areas_id) VALUES(56, 'Светлогорский район', 3)
INSERT INTO Regions(ID,Name,areas_id) VALUES(57, 'Хойникский район', 3)
INSERT INTO Regions(ID,Name,areas_id) VALUES(58, 'Чечерский район', 3)

INSERT INTO Regions(ID,Name,areas_id) VALUES(59, 'Берестовицкий район', 4)
INSERT INTO Regions(ID,Name,areas_id) VALUES(60, 'Волковысский район', 4)
INSERT INTO Regions(ID,Name,areas_id) VALUES(61, 'Вороновский район', 4)
INSERT INTO Regions(ID,Name,areas_id) VALUES(62, 'Гродненский район', 4)
INSERT INTO Regions(ID,Name,areas_id) VALUES(63, 'Дятловский район', 4)
INSERT INTO Regions(ID,Name,areas_id) VALUES(64, 'Зельвенский район', 4)
INSERT INTO Regions(ID,Name,areas_id) VALUES(65, 'Ивьевский район', 4)
INSERT INTO Regions(ID,Name,areas_id) VALUES(66, 'Кореличский район', 4)
INSERT INTO Regions(ID,Name,areas_id) VALUES(67, 'Лидский район', 4)
INSERT INTO Regions(ID,Name,areas_id) VALUES(68, 'Мостовский район', 4)
INSERT INTO Regions(ID,Name,areas_id) VALUES(69, 'Новогрудский район', 4)
INSERT INTO Regions(ID,Name,areas_id) VALUES(70, 'Ошмянский район', 4)
INSERT INTO Regions(ID,Name,areas_id) VALUES(71, 'Островецкий район', 4)
INSERT INTO Regions(ID,Name,areas_id) VALUES(72, 'Свислочский район', 4)
INSERT INTO Regions(ID,Name,areas_id) VALUES(73, 'Слонимский район', 4)
INSERT INTO Regions(ID,Name,areas_id) VALUES(74, 'Сморгонский район', 4)
INSERT INTO Regions(ID,Name,areas_id) VALUES(75, 'Щучинский район', 4)

INSERT INTO Regions(ID,Name,areas_id) VALUES(76, 'Белынеческий район‎', 5)
INSERT INTO Regions(ID,Name,areas_id) VALUES(77, 'Бобруйский район‎', 5)
INSERT INTO Regions(ID,Name,areas_id) VALUES(78, 'Быховский район‎', 5)
INSERT INTO Regions(ID,Name,areas_id) VALUES(79, 'Глусский район', 5)
INSERT INTO Regions(ID,Name,areas_id) VALUES(80, 'Горецкий район‎', 5)
INSERT INTO Regions(ID,Name,areas_id) VALUES(81, 'Дрибинский район‎', 5)
INSERT INTO Regions(ID,Name,areas_id) VALUES(82, 'Кировский район', 5)
INSERT INTO Regions(ID,Name,areas_id) VALUES(83, 'Климовичский район‎', 5)
INSERT INTO Regions(ID,Name,areas_id) VALUES(84, 'Кличевский район‎', 5)
INSERT INTO Regions(ID,Name,areas_id) VALUES(85, 'Костюковичский район‎', 5)
INSERT INTO Regions(ID,Name,areas_id) VALUES(86, 'Краснопольский район‎', 5)
INSERT INTO Regions(ID,Name,areas_id) VALUES(87, 'Кричевский район', 5)
INSERT INTO Regions(ID,Name,areas_id) VALUES(88, 'Круглянский район‎', 5)
INSERT INTO Regions(ID,Name,areas_id) VALUES(89, 'Могилёвский район‎', 5)
INSERT INTO Regions(ID,Name,areas_id) VALUES(90, 'Мстиславский район‎', 5)
INSERT INTO Regions(ID,Name,areas_id) VALUES(91, 'Осиповичский район', 5)
INSERT INTO Regions(ID,Name,areas_id) VALUES(92, 'Славгородский район‎', 5)
INSERT INTO Regions(ID,Name,areas_id) VALUES(93, 'Хотимский район‎ ', 5)
INSERT INTO Regions(ID,Name,areas_id) VALUES(94, 'Чаусский район‎', 5)
INSERT INTO Regions(ID,Name,areas_id) VALUES(95, 'Чериковский район', 5)
INSERT INTO Regions(ID,Name,areas_id) VALUES(96, 'Шкловский район‎', 5)

INSERT INTO Regions(ID,Name,areas_id) VALUES(97, 'Березинский район‎', 6)
INSERT INTO Regions(ID,Name,areas_id) VALUES(98, 'Борисовский район‎', 6)
INSERT INTO Regions(ID,Name,areas_id) VALUES(99, 'Вилейский район‎', 6)
INSERT INTO Regions(ID,Name,areas_id) VALUES(100, 'Воложинский район', 6)
INSERT INTO Regions(ID,Name,areas_id) VALUES(101, 'Дзержинский район‎', 6)
INSERT INTO Regions(ID,Name,areas_id) VALUES(102, 'Клецкий район‎', 6)
INSERT INTO Regions(ID,Name,areas_id) VALUES(103, 'Копыльский район', 6)
INSERT INTO Regions(ID,Name,areas_id) VALUES(104, 'Крупский район‎', 6)
INSERT INTO Regions(ID,Name,areas_id) VALUES(105, 'Логойский район‎', 6)
INSERT INTO Regions(ID,Name,areas_id) VALUES(106, 'Любанский район‎', 6)
INSERT INTO Regions(ID,Name,areas_id) VALUES(107, 'Минский район‎', 6)
INSERT INTO Regions(ID,Name,areas_id) VALUES(108, 'Молодечненский район', 6)
INSERT INTO Regions(ID,Name,areas_id) VALUES(109, 'Мядельский район‎', 6)
INSERT INTO Regions(ID,Name,areas_id) VALUES(110, 'Несвижский район‎', 6)
INSERT INTO Regions(ID,Name,areas_id) VALUES(111, 'Пуховичский район‎', 6)
INSERT INTO Regions(ID,Name,areas_id) VALUES(112, 'Слуцкий район', 6)
INSERT INTO Regions(ID,Name,areas_id) VALUES(113, 'Смолевичский район‎', 6)
INSERT INTO Regions(ID,Name,areas_id) VALUES(114, 'Солигорскийй район‎ ', 6)
INSERT INTO Regions(ID,Name,areas_id) VALUES(115, 'Стародорожский район‎', 6)
INSERT INTO Regions(ID,Name,areas_id) VALUES(116, 'Столбцовский район', 6)
INSERT INTO Regions(ID,Name,areas_id) VALUES(117, 'Узденский район‎', 6)
INSERT INTO Regions(ID,Name,areas_id) VALUES(118, 'Червенский район‎', 6)

-- Не закончено

INSERT INTO Locations(id, lat, lng, region_id) VALUES(1, 52.5693908, 23.8007901, 9)
INSERT INTO Locations(id, lat, lng, region_id) VALUES(2, 54.8572829, 26.7383792, 109)
INSERT INTO Locations(id, lat, lng, region_id) VALUES(3, 55.6331715, 27.01415, 18)
INSERT INTO Locations(id, lat, lng, region_id) VALUES(4, 54.1563335, 27.8355887, 105)

INSERT INTO Services(ID, name) VALUES(1, 'Не предоставляет услуг')
INSERT INTO Services(ID, name) VALUES(2, 'Охота')
INSERT INTO Services(ID, name) VALUES(3, 'Рыбалка')
INSERT INTO Services(ID, name) VALUES(4, 'Кемпинг')
INSERT INTO Services(ID, name) VALUES(5, 'Экскурсии')	
INSERT INTO Services(ID, name) VALUES(6, 'Проживание')
INSERT INTO Services(ID, name) VALUES(7, 'Баня')
INSERT INTO Services(ID, name) VALUES(8, 'Бассейн')
INSERT INTO Services(ID, name) VALUES(9, 'Сауна')
INSERT INTO Services(ID, name) VALUES(10, 'Комната для детей')
INSERT INTO Services(ID, name) VALUES(11, 'Спортивный комплекс')
INSERT INTO Services(ID, name) VALUES(12, 'Аренда конференц-зала')
INSERT INTO Services(ID, name) VALUES(13, 'Проведение банкетов, свадьб, коорпоративов')
INSERT INTO Services(ID, name) VALUES(14, 'Велосипедно-туристические маршруты')
INSERT INTO Services(ID, name) VALUES(15, 'Экологические тропы')
INSERT INTO Services(ID, name) VALUES(16, 'Массаж')
INSERT INTO Services(ID, name) VALUES(17, 'Пейнтбол')
INSERT INTO Services(ID, name) VALUES(18, 'Вейкбординг')
INSERT INTO Services(ID, name) VALUES(19, 'Веревочный парк')
INSERT INTO Services(ID, name) VALUES(20, 'Музей')
INSERT INTO Services(ID, name) VALUES(21, 'Аренда катамаранов')
INSERT INTO Services(ID, name) VALUES(22, 'Аренда лодок')
INSERT INTO Services(ID, name) VALUES(23, 'Аренда водных скутеров')

INSERT INTO Categories(id, name) VALUES(1, 'Национальный парк')
INSERT INTO Categories(id, name) VALUES(2, 'Заповедник')
INSERT INTO Categories(id, name) VALUES(3, 'Заказник')
INSERT INTO Categories(id, name) VALUES(4, 'Заповедник')
INSERT INTO Categories(id, name) VALUES(5, 'Памятник природы')
INSERT INTO Categories(id, name) VALUES(6, 'Центр экологического туризма')
INSERT INTO Categories(id, name) VALUES(7, 'Детский оздоровительный лагерь')
INSERT INTO Categories(id, name) VALUES(8, 'Профилакторий')
INSERT INTO Categories(id, name) VALUES(9, 'Санаторий')
INSERT INTO Categories(id, name) VALUES(10, 'Усадьба')
INSERT INTO Categories(id, name) VALUES(11, 'Коттедж')
INSERT INTO Categories(id, name) VALUES(12, 'Загородный комплекс')
INSERT INTO Categories(id, name) VALUES(13, 'Горно-лыжный центр')
INSERT INTO Categories(id, name) VALUES(14, 'Туристический комплекс')
INSERT INTO Categories(id, name) VALUES(15, 'Гостиничный комплекс')
INSERT INTO Categories(id, name) VALUES(16, 'База отдыха')

INSERT INTO Requisites(id, name, PAN, organizationLegalForm, address, phoneNumber) VALUES(1,'Государственное природоохранное учреждение "Национальный парк "Беловежская пуща"', 200056212, 'Учреждения', 'Брестская обл., Каменецкий р-н,Каменюкский с/с, аг. Каменюки',  +375163156267)
INSERT INTO Requisites(id, name, PAN, organizationLegalForm, address, phoneNumber) VALUES(2,'Государственное природоохранное учреждение "Национальный парк "Нарочанский"', 600566140, 'Учреждения', 'Минская обл.,Мядельский р-н,кп Нарочь,ул. Ленинская, д.11',  +375179747392)
INSERT INTO Requisites(id, name, PAN, organizationLegalForm, address, phoneNumber) VALUES(3,'Государственное природоохранное учреждение "Национальный парк "Браславские озера"', 300405894, 'Учреждения', 'Витебская обл.,г. Браслав,ул. Дачная, д.1',  +375215367707)
INSERT INTO Requisites(id, name, PAN, organizationLegalForm, address, phoneNumber) VALUES(4,'Республиканское унитарное предприятие "Республиканский горнолыжный центр "Силичи"', 690324227, 'Унитарные предприятия, основанные на праве хозяйственного ведения', 'Минская обл.,Логойский р-н,Логойский с/с,р-н Логойский,(Республиканский ГЦ "Силичи",х/б,к.5)',  +375175555500)

INSERT INTO RecreationalObjects(id, name, area, units, category_id, location_id, requisite_id, website) VALUES(1, 'Беловежская пуща', 152962, 'га', 1, 1, 1, 'https://npbp.by')
INSERT INTO RecreationalObjects(id, name, area, units, category_id, location_id, requisite_id, website) VALUES(2, 'Нарочанский', 97300, 'га', 1, 2, 2, 'https://narochpark.by')
INSERT INTO RecreationalObjects(id, name, area, units, category_id, location_id, requisite_id, website) VALUES(3, 'Браславские озера', 71500, 'га', 1, 3, 3, 'https://braslavpark.by')
INSERT INTO RecreationalObjects(id, name, area, units, category_id, location_id, requisite_id, website) VALUES(4, 'Силичи', 30.5, 'га', 13, 4, 4, 'https://silichy.by')

INSERT INTO ObjectServices(recreationalObject_id, services_id, minCost, currency) VALUES(1,2,22876.33,'BYN')
INSERT INTO ObjectServices(recreationalObject_id, services_id, minCost, currency) VALUES(1,3,16,'BYN')
INSERT INTO ObjectServices(recreationalObject_id, services_id, minCost, currency) VALUES(1,4,50,'BYN')
INSERT INTO ObjectServices(recreationalObject_id, services_id, minCost, currency) VALUES(1,5,6,'BYN')
INSERT INTO ObjectServices(recreationalObject_id, services_id, minCost, currency) VALUES(1,6,51,'BYN')
INSERT INTO ObjectServices(recreationalObject_id, services_id, minCost, currency) VALUES(1,7,10,'BYN')
INSERT INTO ObjectServices(recreationalObject_id, services_id, minCost, currency) VALUES(1,8,6,'BYN')
INSERT INTO ObjectServices(recreationalObject_id, services_id, minCost, currency) VALUES(1,9,13.3,'BYN')
INSERT INTO ObjectServices(recreationalObject_id, services_id, minCost, currency) VALUES(1,10,NULL,'BYN')
INSERT INTO ObjectServices(recreationalObject_id, services_id, minCost, currency) VALUES(1,11,NULL,'BYN')
INSERT INTO ObjectServices(recreationalObject_id, services_id, minCost, currency) VALUES(1,12,NULL,'BYN')
INSERT INTO ObjectServices(recreationalObject_id, services_id, minCost, currency) VALUES(1,13,NULL,'BYN')
INSERT INTO ObjectServices(recreationalObject_id, services_id, minCost, currency) VALUES(1,14,NULL,'BYN')
INSERT INTO ObjectServices(recreationalObject_id, services_id, minCost, currency) VALUES(1,15,NULL,'BYN')
INSERT INTO ObjectServices(recreationalObject_id, services_id, minCost, currency) VALUES(1,16,11,'BYN')
INSERT INTO ObjectServices(recreationalObject_id, services_id, minCost, currency) VALUES(1,20,3,'BYN')

INSERT INTO ObjectServices(recreationalObject_id, services_id, minCost, currency) VALUES(2,2,15400,'BYN')
INSERT INTO ObjectServices(recreationalObject_id, services_id, minCost, currency) VALUES(2,3,18,'BYN')
INSERT INTO ObjectServices(recreationalObject_id, services_id, minCost, currency) VALUES(2,4,44,'BYN')
INSERT INTO ObjectServices(recreationalObject_id, services_id, minCost, currency) VALUES(2,5,8,'BYN')
INSERT INTO ObjectServices(recreationalObject_id, services_id, minCost, currency) VALUES(2,6,67,'BYN')
INSERT INTO ObjectServices(recreationalObject_id, services_id, minCost, currency) VALUES(2,7,4,'BYN')
INSERT INTO ObjectServices(recreationalObject_id, services_id, minCost, currency) VALUES(2,8,8,'BYN')
INSERT INTO ObjectServices(recreationalObject_id, services_id, minCost, currency) VALUES(2,9,17.8,'BYN')
INSERT INTO ObjectServices(recreationalObject_id, services_id, minCost, currency) VALUES(2,10,NULL,'BYN')
INSERT INTO ObjectServices(recreationalObject_id, services_id, minCost, currency) VALUES(2,11, NULL,'BYN')
INSERT INTO ObjectServices(recreationalObject_id, services_id, minCost, currency) VALUES(2,12,NULL,'BYN')
INSERT INTO ObjectServices(recreationalObject_id, services_id, minCost, currency) VALUES(2,13,NULL,'BYN')
INSERT INTO ObjectServices(recreationalObject_id, services_id, minCost, currency) VALUES(2,14,NULL,'BYN')
INSERT INTO ObjectServices(recreationalObject_id, services_id, minCost, currency) VALUES(2,15,NULL,'BYN')
INSERT INTO ObjectServices(recreationalObject_id, services_id, minCost, currency) VALUES(2,16,9,'BYN')
INSERT INTO ObjectServices(recreationalObject_id, services_id, minCost, currency) VALUES(2,20,5,'BYN')

INSERT INTO ObjectServices(recreationalObject_id, services_id, minCost, currency) VALUES(3,2,17750,'BYN')
INSERT INTO ObjectServices(recreationalObject_id, services_id, minCost, currency) VALUES(3,3,22,'BYN')
INSERT INTO ObjectServices(recreationalObject_id, services_id, minCost, currency) VALUES(3,4,40,'BYN')
INSERT INTO ObjectServices(recreationalObject_id, services_id, minCost, currency) VALUES(3,5,4,'BYN')
INSERT INTO ObjectServices(recreationalObject_id, services_id, minCost, currency) VALUES(3,6,90,'BYN')
INSERT INTO ObjectServices(recreationalObject_id, services_id, minCost, currency) VALUES(3,7,5,'BYN')
INSERT INTO ObjectServices(recreationalObject_id, services_id, minCost, currency) VALUES(3,8,8,'BYN')
INSERT INTO ObjectServices(recreationalObject_id, services_id, minCost, currency) VALUES(3,9,23.6,'BYN')
INSERT INTO ObjectServices(recreationalObject_id, services_id, minCost, currency) VALUES(3,10,NULL,'BYN')
INSERT INTO ObjectServices(recreationalObject_id, services_id, minCost, currency) VALUES(3,11, NULL,'BYN')
INSERT INTO ObjectServices(recreationalObject_id, services_id, minCost, currency) VALUES(3,12,NULL,'BYN')
INSERT INTO ObjectServices(recreationalObject_id, services_id, minCost, currency) VALUES(3,13,NULL,'BYN')
INSERT INTO ObjectServices(recreationalObject_id, services_id, minCost, currency) VALUES(3,14,NULL,'BYN')
INSERT INTO ObjectServices(recreationalObject_id, services_id, minCost, currency) VALUES(3,15,NULL,'BYN')
INSERT INTO ObjectServices(recreationalObject_id, services_id, minCost, currency) VALUES(3,16,11,'BYN')
INSERT INTO ObjectServices(recreationalObject_id, services_id, minCost, currency) VALUES(3,20,6,'BYN')

INSERT INTO ObjectServices(recreationalObject_id, services_id, minCost, currency) VALUES(4,3,12,'BYN')
INSERT INTO ObjectServices(recreationalObject_id, services_id, minCost, currency) VALUES(4,7,19,'BYN')
INSERT INTO ObjectServices(recreationalObject_id, services_id, minCost, currency) VALUES(4,11,NULL,'BYN')
INSERT INTO ObjectServices(recreationalObject_id, services_id, minCost, currency) VALUES(4,14,NULL,'BYN')
INSERT INTO ObjectServices(recreationalObject_id, services_id, minCost, currency) VALUES(4,17,NULL,'BYN')
